[
    {
        "text": "Did you just add a flippi",
        "value": "Very nice!"
    },
    {
        "text": "Test",
        "value": "More tests"
    },
    {
        "text": "Did you just add a flippi",
        "value": "Screwing the rules like its  8 years ago https://www.youtube.com/playlist?list=PLKHNWhJawkhhGypsoNnG94VWTCFUrRc1S"
    },
    {
        "text": "#CurrListeningAlcea\r\nYugi",
        "value": "Some render a bit weird.\r\nBlame the order of runtime."
    },
    {
        "text": "F-f-finally !\r\n\r\nI was ge",
        "value": "Another one for making sure  everything works.\r\n\r\nLemme add some <br> here, just because)"
    },
    {
        "text": "F-f-finally !\r\n\r\nI was ge",
        "value": "Ah yes. A comment system.\r\n(Wait. this is offtopic)"
    },
    {
        "text": "When in doubt \"#Praise #g",
        "value": "God GodGod"
    },
    {
        "text": "\"Befriending an #alien \"\r",
        "value": "Akane is best mom"
    },
    {
        "text": "#Floating #House #Totk\r\nh",
        "value": "A house in the skyyyyy"
    },
    {
        "text": "F-f-finally !\r\n\r\nI was ge",
        "value": "Decky Recorder breaks with each sysupdate anyways..."
    },
    {
        "text": "#CurrListeningAlcea\r\nYugi",
        "value": "Lovely song"
    },
    {
        "text": "A \"#shared #diary\" for a ",
        "value": "Ddd"
    },
    {
        "text": "More #mmd / #mikumikudanc",
        "value": "Moar"
    },
    {
        "text": "When in doubt ",
        "value": "God god god !"
    },
    {
        "text": "Befriending an #alien ",
        "value": "I see"
    },
    {
        "text": "Test to see status count ",
        "value": "Test test test !!"
    },
    {
        "text": "Befriending",
        "value": "Alien ?"
    },
    {
        "text": "https://www.kidney.org/at",
        "value": "Hmm..."
    },
    {
        "text": "#CurrListeningAlcea%0D%0AYugi",
        "value": "dos this work ?"
    },
    {
        "text": "When your HP suddenly dro",
        "value": "HP HP HP"
    },
    {
        "text": "Maybe I should post bnere",
        "value": "I don't think so !\r\nPls dont\r\ntihi"
    },
    {
        "date": "2024-06-27",
        "text": "Did you just add a flippi",
        "value": "Test"
    },
    {
        "text": "F-f-finally !\r\n\r\nI was ge",
        "value": "Date: 2024-06-27\nOki"
    },
    {
        "text": "F-f-finally !\r\n\r\nI was ge",
        "value": "2024-06-27\nNow with date"
    },
    {
        "text": "Did you just add a flippi",
        "value": "2024-06-27\nOkay"
    },
    {
        "text": "Did you just add a flippi",
        "value": "2024-06-27\nTop to bottom now"
    },
    {
        "text": "#Beat #Detective ? huh #o",
        "value": "2024-06-27\nWdym Error fetching data: Expected ',' or '}' after property value in JSON at position 156639 (line 2574 column 5)"
    },
    {
        "text": ":strawbHuggies: ",
        "value": "2024-06-27\nYou know..\r\nLight pink hair...\r\n\r\nThat would be.\r\nNeat"
    },
    {
        "text": "#CurrListeningAlcea \r\n\r\n\"",
        "value": "2024-06-29\nGold gold"
    },
    {
        "text": "God I love this show \r\n#R",
        "value": "2024-06-30\nI love this show sm :)"
    },
    {
        "text": ":tangofirstaid: ",
        "value": "2024-06-30\nTango Tango Tango !"
    },
    {
        "text": "Blubbyblubb",
        "value": "2024-06-30\nBlubb fish blubn"
    },
    {
        "text": "Easy \"OpenMMD\" install Gu",
        "value": "2024-07-02\ntensorflow-1.6.0-cp36-cp36m-win_amd64.whl \r\n\r\nand\r\n\r\nopencv_python-3.4.10.37-cp36-cp36m-win_amd64.whl\r\n\r\nwere the key to making stupeed OpenMMD run.\r\n\r\nNot sure what drugs the devs took....\r\n -Alcea"
    },
    {
        "text": "This is why modern #hardw",
        "value": "2024-07-04\n*sob* and now I can't record SteamDeck easily anymore"
    },
    {
        "text": "Hold three dot & power on",
        "value": "2024-07-05\nQuite useful.\r\nBuiltin rollback to last version"
    },
    {
        "text": ":8b_h: :8b_e: :8b_l: :8b_",
        "value": "2024-07-10\nHello Hello!"
    }
]